<EXPERIMENT_SET>
<EXPERIMENT accession="SRX5932987" alias="GSM3832642"><IDENTIFIERS><PRIMARY_ID>SRX5932987</PRIMARY_ID></IDENTIFIERS><TITLE>GSM3832642: IMR90 ChIP-seq Input; Homo sapiens; ChIP-Seq</TITLE><STUDY_REF accession="SRP192924"><IDENTIFIERS><PRIMARY_ID>SRP192924</PRIMARY_ID><EXTERNAL_ID namespace="BioProject">PRJNA532996</EXTERNAL_ID></IDENTIFIERS></STUDY_REF><DESIGN><DESIGN_DESCRIPTION /><SAMPLE_DESCRIPTOR accession="SRS4846194"><IDENTIFIERS><PRIMARY_ID>SRS4846194</PRIMARY_ID><EXTERNAL_ID namespace="BioSample">SAMN11877745</EXTERNAL_ID></IDENTIFIERS></SAMPLE_DESCRIPTOR><LIBRARY_DESCRIPTOR><LIBRARY_STRATEGY>ChIP-Seq</LIBRARY_STRATEGY><LIBRARY_SOURCE>GENOMIC</LIBRARY_SOURCE><LIBRARY_SELECTION>ChIP</LIBRARY_SELECTION><LIBRARY_LAYOUT><SINGLE /></LIBRARY_LAYOUT><LIBRARY_CONSTRUCTION_PROTOCOL>Antibodies were used in combination with Protein G Sepharose beads (GE Healthcare Bio-Sciences AB, Sweden). The prepared DNA was quantified using Qubit (Life Technologies/Thermo Fisher Scientific) and more than 10 ng of DNA was processed. Sequencing libraries were made using the NEBNext ChIP-Seq Library Prep Master Mix Set of Illumina (New England Biolabs).</LIBRARY_CONSTRUCTION_PROTOCOL></LIBRARY_DESCRIPTOR></DESIGN><PLATFORM><ILLUMINA><INSTRUMENT_MODEL>Illumina HiSeq 2500</INSTRUMENT_MODEL></ILLUMINA></PLATFORM><EXPERIMENT_LINKS><EXPERIMENT_LINK><XREF_LINK><DB>gds</DB><ID>303832642</ID><LABEL>GSM3832642</LABEL></XREF_LINK></EXPERIMENT_LINK></EXPERIMENT_LINKS><EXPERIMENT_ATTRIBUTES><EXPERIMENT_ATTRIBUTE><TAG>GEO Accession</TAG><VALUE>GSM3832642</VALUE></EXPERIMENT_ATTRIBUTE><EXPERIMENT_ATTRIBUTE><TAG>EXPERIMENT_TYPE</TAG><VALUE>ChIP-Seq Input</VALUE></EXPERIMENT_ATTRIBUTE><EXPERIMENT_ATTRIBUTE><TAG>EXPERIMENT_ONTOLOGY_URI</TAG><VALUE>http://purl.obolibrary.org/obo/OBI_0002017</VALUE></EXPERIMENT_ATTRIBUTE><EXPERIMENT_ATTRIBUTE><TAG>LIBRARY_STRATEGY</TAG><VALUE>ChIP-Seq</VALUE></EXPERIMENT_ATTRIBUTE><EXPERIMENT_ATTRIBUTE><TAG>EXTRACTION_PROTOCOL</TAG><VALUE>Antibodies were used in combination with Protein G Sepharose beads (GE Healthcare Bio-Sciences AB, Sweden). The prepared DNA was quantified using Qubit (Life Technologies/Thermo Fisher Scientific) and more than 10 ng of DNA was processed. Sequencing libraries were made using the NEBNext ChIP-Seq Library Prep Master Mix Set of Illumina (New England Biolabs).</VALUE></EXPERIMENT_ATTRIBUTE><EXPERIMENT_ATTRIBUTE><TAG>CHIP_PROTOCOL_BEAD_TYPE</TAG><VALUE>Protein G Seprarose beads (GE Healthcare Bio-Sciences AB, Sweden)</VALUE></EXPERIMENT_ATTRIBUTE><EXPERIMENT_ATTRIBUTE><TAG>MOLECULE</TAG><VALUE>genomic DNA</VALUE></EXPERIMENT_ATTRIBUTE></EXPERIMENT_ATTRIBUTES></EXPERIMENT>
</EXPERIMENT_SET>