<EXPERIMENT_SET>
<EXPERIMENT accession="SRX5706675" alias="EC154_H3K4me3"><IDENTIFIERS><PRIMARY_ID>SRX5706675</PRIMARY_ID></IDENTIFIERS><TITLE>EC_154_HRAEC ChIP-seq H3K4me3</TITLE><STUDY_REF accession="SRP192924"><IDENTIFIERS><PRIMARY_ID>SRP192924</PRIMARY_ID><EXTERNAL_ID namespace="BioProject">PRJNA532996</EXTERNAL_ID></IDENTIFIERS></STUDY_REF><DESIGN><DESIGN_DESCRIPTION>Two million ECs were plated on a 15-cm culture plate and cultured until confluency. The cells were crosslinked for 10 minutes using 1% paraformaldehyde. After quenching using 0.2 M glycine, cells were collected using a scraper, resuspended in SDS lysis buffer (10 mM Tris-HCl, 150 mM NaCl, 1% SDS, 1 mM EDTA; pH 8.0) and fragmented by sonication (Branson, Danbury, CT, USA; 10 minutes). Samples were stored at -80C before use. To perform ChIP, antibodies against histone modifications (CMA304 and CMA309 for H3K4me3 and H3K27ac, respectively; (Kimura et al. 2008) were used in combination with Protein G Sepharose beads (GE Healthcare Bio-Sciences AB, Sweden). The prepared DNA was quantified using Qubit (Life Technologies/Thermo Fisher Scientific) and more than 10 ng of DNA was processed.</DESIGN_DESCRIPTION><SAMPLE_DESCRIPTOR accession="SRS4480290"><IDENTIFIERS><PRIMARY_ID>SRS4480290</PRIMARY_ID><EXTERNAL_ID namespace="BioSample">SAMN11053101</EXTERNAL_ID></IDENTIFIERS></SAMPLE_DESCRIPTOR><LIBRARY_DESCRIPTOR><LIBRARY_NAME>EC154_H3K4me3</LIBRARY_NAME><LIBRARY_STRATEGY>ChIP-Seq</LIBRARY_STRATEGY><LIBRARY_SOURCE>GENOMIC</LIBRARY_SOURCE><LIBRARY_SELECTION>ChIP</LIBRARY_SELECTION><LIBRARY_LAYOUT><SINGLE /></LIBRARY_LAYOUT></LIBRARY_DESCRIPTOR></DESIGN><PLATFORM><ILLUMINA><INSTRUMENT_MODEL>Illumina HiSeq 2500</INSTRUMENT_MODEL></ILLUMINA></PLATFORM><EXPERIMENT_ATTRIBUTES><EXPERIMENT_ATTRIBUTE><TAG>EXPERIMENT_TYPE</TAG><VALUE>Histone H3K4me3</VALUE></EXPERIMENT_ATTRIBUTE><EXPERIMENT_ATTRIBUTE><TAG>EXPERIMENT_ONTOLOGY_URI</TAG><VALUE>http://purl.obolibrary.org/obo/OBI_0002017</VALUE></EXPERIMENT_ATTRIBUTE><EXPERIMENT_ATTRIBUTE><TAG>LIBRARY_STRATEGY</TAG><VALUE>ChIP-Seq</VALUE></EXPERIMENT_ATTRIBUTE><EXPERIMENT_ATTRIBUTE><TAG>EXTRACTION_PROTOCOL</TAG><VALUE>Antibodies were used in combination with Protein G Sepharose beads (GE Healthcare Bio-Sciences AB, Sweden). The prepared DNA was quantified using Qubit (Life Technologies/Thermo Fisher Scientific) and more than 10 ng of DNA was processed. Sequencing libraries were made using the NEBNext ChIP-Seq Library Prep Master Mix Set of Illumina (New England Biolabs).</VALUE></EXPERIMENT_ATTRIBUTE><EXPERIMENT_ATTRIBUTE><TAG>CHIP_PROTOCOL_BEAD_TYPE</TAG><VALUE>Protein G Seprarose beads (GE Healthcare Bio-Sciences AB, Sweden)</VALUE></EXPERIMENT_ATTRIBUTE><EXPERIMENT_ATTRIBUTE><TAG>CHIP_ANTIBODY</TAG><VALUE>H3K4me3</VALUE></EXPERIMENT_ATTRIBUTE><EXPERIMENT_ATTRIBUTE><TAG>MOLECULE</TAG><VALUE>genomic DNA</VALUE></EXPERIMENT_ATTRIBUTE></EXPERIMENT_ATTRIBUTES></EXPERIMENT>
</EXPERIMENT_SET>