<EXPERIMENT_SET>
<EXPERIMENT accession="SRX5512581" alias="IHEC_112_HGSVEC_RNA-seq"><IDENTIFIERS><PRIMARY_ID>SRX5512581</PRIMARY_ID></IDENTIFIERS><TITLE>IHEC_112_HGSVEC_RNA-seq</TITLE><STUDY_REF accession="SRP188296"><IDENTIFIERS><PRIMARY_ID>SRP188296</PRIMARY_ID><EXTERNAL_ID namespace="BioProject">PRJNA526601</EXTERNAL_ID></IDENTIFIERS></STUDY_REF><DESIGN><DESIGN_DESCRIPTION>http://ihec-epigenomes.org/research/reference-epigenome-standards/</DESIGN_DESCRIPTION><SAMPLE_DESCRIPTOR accession="SRS4480295"><IDENTIFIERS><PRIMARY_ID>SRS4480295</PRIMARY_ID><EXTERNAL_ID namespace="BioSample">SAMN11053094</EXTERNAL_ID></IDENTIFIERS></SAMPLE_DESCRIPTOR><LIBRARY_DESCRIPTOR><LIBRARY_NAME>IHEC_112_HGSVEC_RNA-seq</LIBRARY_NAME><LIBRARY_STRATEGY>RNA-Seq</LIBRARY_STRATEGY><LIBRARY_SOURCE>TRANSCRIPTOMIC</LIBRARY_SOURCE><LIBRARY_SELECTION>PolyA</LIBRARY_SELECTION><LIBRARY_LAYOUT><PAIRED /></LIBRARY_LAYOUT></LIBRARY_DESCRIPTOR></DESIGN><PLATFORM><ILLUMINA><INSTRUMENT_MODEL>Illumina HiSeq 2500</INSTRUMENT_MODEL></ILLUMINA></PLATFORM><EXPERIMENT_ATTRIBUTES><EXPERIMENT_ATTRIBUTE><TAG>EXPERIMENT_TYPE</TAG><VALUE>RNA-Seq</VALUE></EXPERIMENT_ATTRIBUTE><EXPERIMENT_ATTRIBUTE><TAG>EXPERIMENT_ONTOLOGY_URI</TAG><VALUE>http://purl.obolibrary.org/obo/OBI_0001271</VALUE></EXPERIMENT_ATTRIBUTE><EXPERIMENT_ATTRIBUTE><TAG>LIBRARY_STRATEGY</TAG><VALUE>RNA-Seq</VALUE></EXPERIMENT_ATTRIBUTE><EXPERIMENT_ATTRIBUTE><TAG>EXTRACTION_PROTOCOL</TAG><VALUE>Poly(A)-containing mRNA molecules were isolated from total RNA and were converted to cDNA with oligo dT primers using a TruSeq RNA Sample Preparation kit v2 (Illumina).</VALUE></EXPERIMENT_ATTRIBUTE><EXPERIMENT_ATTRIBUTE><TAG>MOLECULE</TAG><VALUE>total RNA</VALUE></EXPERIMENT_ATTRIBUTE></EXPERIMENT_ATTRIBUTES></EXPERIMENT>
</EXPERIMENT_SET>